{"lr": 0.009989084308262066, "data_time": 0.00989363193511963, "loss": 0.09047315046191215, "decode.loss_ce": 0.058565417677164076, "decode.acc_seg": 98.34534454345703, "aux.loss_ce": 0.031907732225954534, "aux.acc_seg": 96.12528991699219, "time": 2.2964130878448485, "iter": 50, "memory": 21295, "step": 50}
{"lr": 0.00997794446709763, "data_time": 0.01010751724243164, "loss": 0.04950041957199573, "decode.loss_ce": 0.02941905315965414, "decode.acc_seg": 98.97367095947266, "aux.loss_ce": 0.020081366505473854, "aux.acc_seg": 98.73680877685547, "time": 2.298104000091553, "iter": 100, "memory": 18553, "step": 100}
{"lr": 0.009966803229875268, "data_time": 0.010084319114685058, "loss": 0.03967225663363934, "decode.loss_ce": 0.024135518167167903, "decode.acc_seg": 99.2244644165039, "aux.loss_ce": 0.015536738559603691, "aux.acc_seg": 99.03511047363281, "time": 2.2964487075805664, "iter": 150, "memory": 18553, "step": 150}
{"lr": 0.009955660594668054, "data_time": 0.010018634796142577, "loss": 0.026764866337180136, "decode.loss_ce": 0.01618881430476904, "decode.acc_seg": 99.24812316894531, "aux.loss_ce": 0.010576052125543356, "aux.acc_seg": 99.17961883544922, "time": 2.2947140455245973, "iter": 200, "memory": 18553, "step": 200}
{"aAcc": 98.31, "mIoU": 52.8, "mAcc": 55.13, "data_time": 0.010461114548348091, "time": 0.26975850994522504, "step": 200}
{"lr": 0.00994451655954398, "data_time": 0.010539650917053223, "loss": 0.02078457921743393, "decode.loss_ce": 0.01250303527340293, "decode.acc_seg": 99.50299072265625, "aux.loss_ce": 0.008281543944031, "aux.acc_seg": 99.50875091552734, "time": 2.3022305488586428, "iter": 250, "memory": 18550, "step": 250}
{"lr": 0.009933371122565919, "data_time": 0.00996692180633545, "loss": 0.02282061642035842, "decode.loss_ce": 0.014098273776471614, "decode.acc_seg": 99.5156478881836, "aux.loss_ce": 0.008722342504188418, "aux.acc_seg": 99.42052459716797, "time": 2.3012925148010255, "iter": 300, "memory": 18549, "step": 300}
{"lr": 0.009922224281791656, "data_time": 0.00995652675628662, "loss": 0.02204552972689271, "decode.loss_ce": 0.013749649841338396, "decode.acc_seg": 99.60530090332031, "aux.loss_ce": 0.008295879978686572, "aux.acc_seg": 99.60004425048828, "time": 2.299877405166626, "iter": 350, "memory": 18549, "step": 350}
{"lr": 0.009911076035273796, "data_time": 0.01011950969696045, "loss": 0.03154420861974359, "decode.loss_ce": 0.020258659031242132, "decode.acc_seg": 99.02336883544922, "aux.loss_ce": 0.011285549798049032, "aux.acc_seg": 99.00455474853516, "time": 2.3003687858581543, "iter": 400, "memory": 18549, "step": 400}
{"aAcc": 98.66, "mIoU": 56.25, "mAcc": 58.38, "data_time": 0.005304548618285804, "time": 0.25212000708053056, "step": 400}
{"lr": 0.009899926381059788, "data_time": 0.009888672828674316, "loss": 0.021422047913074494, "decode.loss_ce": 0.013630399340763688, "decode.acc_seg": 99.14559173583984, "aux.loss_ce": 0.007791648665443063, "aux.acc_seg": 99.06011199951172, "time": 2.3013076305389406, "iter": 450, "memory": 18549, "step": 450}
{"lr": 0.0098887753171919, "data_time": 0.009897065162658692, "loss": 0.01840616576373577, "decode.loss_ce": 0.011866489890962839, "decode.acc_seg": 99.77247619628906, "aux.loss_ce": 0.006539675779640675, "aux.acc_seg": 99.6898193359375, "time": 2.303454303741455, "iter": 500, "memory": 18549, "step": 500}
{"lr": 0.009877622841707205, "data_time": 0.009776020050048828, "loss": 0.020089533738791944, "decode.loss_ce": 0.013451571762561797, "decode.acc_seg": 99.45632934570312, "aux.loss_ce": 0.0066379621159285305, "aux.acc_seg": 99.4708251953125, "time": 2.3008316278457643, "iter": 550, "memory": 18549, "step": 550}
{"lr": 0.009866468952637547, "data_time": 0.010159444808959962, "loss": 0.022411402966827153, "decode.loss_ce": 0.014440961834043264, "decode.acc_seg": 98.72576904296875, "aux.loss_ce": 0.007970440946519376, "aux.acc_seg": 98.5215835571289, "time": 2.3037490844726562, "iter": 600, "memory": 18549, "step": 600}
{"aAcc": 99.05, "mIoU": 59.89, "mAcc": 61.01, "data_time": 0.005561573486122481, "time": 0.2524377824161252, "step": 600}
{"lr": 0.00985531364800951, "data_time": 0.010441017150878907, "loss": 0.018854859564453364, "decode.loss_ce": 0.01253382689319551, "decode.acc_seg": 99.60284423828125, "aux.loss_ce": 0.006321032694540918, "aux.acc_seg": 99.5921859741211, "time": 2.301097559928894, "iter": 650, "memory": 18549, "step": 650}
{"lr": 0.009844156925844432, "data_time": 0.0098862886428833, "loss": 0.03657854348421097, "decode.loss_ce": 0.025296493247151376, "decode.acc_seg": 99.21212005615234, "aux.loss_ce": 0.011282049398869277, "aux.acc_seg": 99.10643768310547, "time": 2.3021436452865602, "iter": 700, "memory": 18549, "step": 700}
{"lr": 0.009832998784158347, "data_time": 0.010698914527893066, "loss": 0.02313220165669918, "decode.loss_ce": 0.01518600550480187, "decode.acc_seg": 99.67327117919922, "aux.loss_ce": 0.007946195919066668, "aux.acc_seg": 99.56900787353516, "time": 2.30366370677948, "iter": 750, "memory": 18549, "step": 750}
{"lr": 0.009821839220962003, "data_time": 0.009947538375854492, "loss": 0.015430884715169669, "decode.loss_ce": 0.009818551409989596, "decode.acc_seg": 99.75940704345703, "aux.loss_ce": 0.005612333491444588, "aux.acc_seg": 99.77809143066406, "time": 2.30081307888031, "iter": 800, "memory": 18549, "step": 800}
{"aAcc": 98.86, "mIoU": 57.89, "mAcc": 58.66, "data_time": 0.005192509237325417, "time": 0.2522335238855161, "step": 800}
