{"lr": 0.009997995177323568, "data_time": 0.0098099946975708, "loss": 0.6603484928607941, "decode.loss_ce": 0.42609953582286836, "decode.acc_seg": 97.34867095947266, "aux.loss_ce": 0.23424895778298377, "aux.acc_seg": 97.34867095947266, "time": 7.335727548599243, "iter": 10, "memory": 21297, "step": 10}
{"lr": 0.00999576754365263, "data_time": 0.01154775619506836, "loss": 0.2711405172944069, "decode.loss_ce": 0.1927343115210533, "decode.acc_seg": 97.76490020751953, "aux.loss_ce": 0.07840620838105679, "aux.acc_seg": 97.76490020751953, "time": 2.2863457202911377, "iter": 20, "memory": 18554, "step": 20}
{"lr": 0.00999353985426229, "data_time": 0.011414623260498047, "loss": 0.2040190279483795, "decode.loss_ce": 0.13497861623764038, "decode.acc_seg": 95.25631713867188, "aux.loss_ce": 0.06904041059315205, "aux.acc_seg": 95.25631713867188, "time": 2.297891306877136, "iter": 30, "memory": 18554, "step": 30}
{"lr": 0.009991312109137215, "data_time": 0.011145186424255372, "loss": 0.1505027160048485, "decode.loss_ce": 0.10400602892041207, "decode.acc_seg": 96.03370666503906, "aux.loss_ce": 0.046496684476733205, "aux.acc_seg": 96.03370666503906, "time": 2.2975776195526123, "iter": 40, "memory": 18554, "step": 40}
{"lr": 0.009989084308262066, "data_time": 0.011232995986938476, "loss": 0.14698987752199172, "decode.loss_ce": 0.10147665664553643, "decode.acc_seg": 96.12528991699219, "aux.loss_ce": 0.04551322013139725, "aux.acc_seg": 96.12528991699219, "time": 2.3012982606887817, "iter": 50, "memory": 18554, "step": 50}
