{"aAcc": 99.74, "mIoU": 83.1, "mAcc": 86.08, "data_time": 0.027228808984523865, "time": 1.990416497718997}