{"lr": 0.009994542389608127, "data_time": 0.007414555549621582, "loss": 0.15570628717541696, "decode.loss_ce": 0.11422828808426858, "decode.acc_seg": 93.40019989013672, "aux.loss_ce": 0.04147799927741289, "aux.acc_seg": 93.40019989013672, "time": 1.4756981611251831, "iter": 50, "memory": 21751, "step": 50}
{"lr": 0.009988973054603395, "data_time": 0.007466268539428711, "loss": 0.09590612277388573, "decode.loss_ce": 0.07148927953094245, "decode.acc_seg": 95.38187408447266, "aux.loss_ce": 0.024416842777282, "aux.acc_seg": 98.50930786132812, "time": 1.4820405006408692, "iter": 100, "memory": 17271, "step": 100}
{"lr": 0.00998340337106865, "data_time": 0.007893848419189452, "loss": 0.0742758184671402, "decode.loss_ce": 0.05308448504656553, "decode.acc_seg": 97.87398529052734, "aux.loss_ce": 0.02119133286178112, "aux.acc_seg": 97.97145080566406, "time": 1.4852307558059692, "iter": 150, "memory": 17272, "step": 150}
{"lr": 0.009977833338763812, "data_time": 0.007322955131530762, "loss": 0.08756292201578617, "decode.loss_ce": 0.061058960016816856, "decode.acc_seg": 98.16169738769531, "aux.loss_ce": 0.026503961812704802, "aux.acc_seg": 98.21139526367188, "time": 1.4824182748794557, "iter": 200, "memory": 17271, "step": 200}
{"lr": 0.009972262957448508, "data_time": 0.011282873153686524, "loss": 0.04819680321961641, "decode.loss_ce": 0.033624676149338485, "decode.acc_seg": 98.41804504394531, "aux.loss_ce": 0.014572127163410187, "aux.acc_seg": 98.519287109375, "time": 1.491649580001831, "iter": 250, "memory": 17272, "step": 250}
{"lr": 0.009966692226882018, "data_time": 0.011395788192749024, "loss": 0.04371952293440699, "decode.loss_ce": 0.0304554482921958, "decode.acc_seg": 95.97313690185547, "aux.loss_ce": 0.013264074502512813, "aux.acc_seg": 95.88447570800781, "time": 1.4900142908096314, "iter": 300, "memory": 17271, "step": 300}
{"lr": 0.009961121146823335, "data_time": 0.008145380020141601, "loss": 0.026951975468546153, "decode.loss_ce": 0.01781812566332519, "decode.acc_seg": 98.4239501953125, "aux.loss_ce": 0.00913385017774999, "aux.acc_seg": 98.1693115234375, "time": 1.4846755266189575, "iter": 350, "memory": 17271, "step": 350}
{"lr": 0.009955549717031104, "data_time": 0.0074432373046875, "loss": 0.04322648078668863, "decode.loss_ce": 0.029714264697395264, "decode.acc_seg": 98.24869537353516, "aux.loss_ce": 0.013512215949594975, "aux.acc_seg": 98.3555679321289, "time": 1.4826441764831544, "iter": 400, "memory": 17271, "step": 400}
{"lr": 0.009949977937263675, "data_time": 0.011735296249389649, "loss": 0.03232580469921231, "decode.loss_ce": 0.02249475372955203, "decode.acc_seg": 98.70026397705078, "aux.loss_ce": 0.009831051062792539, "aux.acc_seg": 98.87255859375, "time": 1.4910527229309083, "iter": 450, "memory": 17271, "step": 450}
{"lr": 0.009944405807279068, "data_time": 0.013274478912353515, "loss": 0.02532903403043747, "decode.loss_ce": 0.01715596383437514, "decode.acc_seg": 99.35981750488281, "aux.loss_ce": 0.008173070498742163, "aux.acc_seg": 99.13320922851562, "time": 1.4950859069824218, "iter": 500, "memory": 17271, "step": 500}
{"lr": 0.009938833326834986, "data_time": 0.013358044624328613, "loss": 0.033159357216209176, "decode.loss_ce": 0.022604205878451467, "decode.acc_seg": 99.85108184814453, "aux.loss_ce": 0.01055515103507787, "aux.acc_seg": 99.8399658203125, "time": 1.4992320775985717, "iter": 550, "memory": 17271, "step": 550}
