{"aAcc": 99.78, "mIoU": 83.34, "mAcc": 86.31, "data_time": 0.02751957788700011, "time": 1.986423498246728}