{"lr": 0.009997995177323568, "data_time": 0.007220005989074707, "loss": 0.6603534460067749, "decode.loss_ce": 0.42610443383455276, "decode.acc_seg": 97.34867095947266, "aux.loss_ce": 0.2342490039765835, "aux.acc_seg": 97.34867095947266, "time": 7.112700581550598, "iter": 10, "memory": 21297, "step": 10}
{"lr": 0.00999576754365263, "data_time": 0.008317351341247559, "loss": 0.2710059583187103, "decode.loss_ce": 0.19261435195803642, "decode.acc_seg": 97.76490020751953, "aux.loss_ce": 0.07839160487055778, "aux.acc_seg": 97.76490020751953, "time": 2.2251590490341187, "iter": 20, "memory": 18554, "step": 20}
{"lr": 0.00999353985426229, "data_time": 0.00828251838684082, "loss": 0.20341292321681975, "decode.loss_ce": 0.13417589366436006, "decode.acc_seg": 95.25631713867188, "aux.loss_ce": 0.0692370317876339, "aux.acc_seg": 95.25631713867188, "time": 2.226993465423584, "iter": 30, "memory": 18554, "step": 30}
{"lr": 0.009991312109137215, "data_time": 0.008084821701049804, "loss": 0.14936103895306588, "decode.loss_ce": 0.10296440869569778, "decode.acc_seg": 96.03370666503906, "aux.loss_ce": 0.04639663081616163, "aux.acc_seg": 96.03370666503906, "time": 2.2295380353927614, "iter": 40, "memory": 18554, "step": 40}
{"lr": 0.009989084308262066, "data_time": 0.008005690574645997, "loss": 0.14640567377209662, "decode.loss_ce": 0.10125991776585579, "decode.acc_seg": 96.12528991699219, "aux.loss_ce": 0.04514575470238924, "aux.acc_seg": 96.12528991699219, "time": 2.2299097776412964, "iter": 50, "memory": 18554, "step": 50}
{"lr": 0.009986856451621492, "data_time": 0.008075261116027832, "loss": 0.12692477852106093, "decode.loss_ce": 0.08851476684212685, "decode.acc_seg": 96.97065734863281, "aux.loss_ce": 0.038410012423992154, "aux.acc_seg": 96.97065734863281, "time": 2.2321032285690308, "iter": 60, "memory": 18554, "step": 60}
{"lr": 0.009984628539200133, "data_time": 0.007970476150512695, "loss": 0.10618039816617966, "decode.loss_ce": 0.07378339730203151, "decode.acc_seg": 95.25421905517578, "aux.loss_ce": 0.03239700142294168, "aux.acc_seg": 95.25421905517578, "time": 2.232499289512634, "iter": 70, "memory": 18554, "step": 70}
{"lr": 0.00998240057098262, "data_time": 0.008221173286437988, "loss": 0.09958719536662101, "decode.loss_ce": 0.06909753456711769, "decode.acc_seg": 97.09729766845703, "aux.loss_ce": 0.030489660799503326, "aux.acc_seg": 97.09980010986328, "time": 2.2317564725875854, "iter": 80, "memory": 18554, "step": 80}
{"lr": 0.009980172546953579, "data_time": 0.007887673377990723, "loss": 0.10649316124618054, "decode.loss_ce": 0.07280494421720504, "decode.acc_seg": 92.9354019165039, "aux.loss_ce": 0.03368821665644646, "aux.acc_seg": 92.96284484863281, "time": 2.2328375339508058, "iter": 90, "memory": 18554, "step": 90}
{"lr": 0.00997794446709763, "data_time": 0.0082688570022583, "loss": 0.08873032107949257, "decode.loss_ce": 0.059604522213339804, "decode.acc_seg": 97.96822357177734, "aux.loss_ce": 0.02912579905241728, "aux.acc_seg": 97.5432357788086, "time": 2.235693359375, "iter": 100, "memory": 18554, "step": 100}
{"lr": 0.009975716331399381, "data_time": 0.008132696151733398, "loss": 0.08113101348280907, "decode.loss_ce": 0.05452967472374439, "decode.acc_seg": 97.5156478881836, "aux.loss_ce": 0.026601339131593703, "aux.acc_seg": 96.83000946044922, "time": 2.234469938278198, "iter": 110, "memory": 18554, "step": 110}
{"lr": 0.009973488139843433, "data_time": 0.008180642127990722, "loss": 0.06956259533762932, "decode.loss_ce": 0.046543820202350615, "decode.acc_seg": 98.42488861083984, "aux.loss_ce": 0.023018774949014185, "aux.acc_seg": 98.51034545898438, "time": 2.234715151786804, "iter": 120, "memory": 18554, "step": 120}
{"lr": 0.009971259892414373, "data_time": 0.008045530319213868, "loss": 0.06915844455361367, "decode.loss_ce": 0.04624093845486641, "decode.acc_seg": 98.65620422363281, "aux.loss_ce": 0.02291750628501177, "aux.acc_seg": 98.98514556884766, "time": 2.2351788520812987, "iter": 130, "memory": 18554, "step": 130}
{"lr": 0.009969031589096794, "data_time": 0.008010149002075195, "loss": 0.059999828785657884, "decode.loss_ce": 0.04013021197170019, "decode.acc_seg": 98.28508758544922, "aux.loss_ce": 0.019869616627693175, "aux.acc_seg": 98.22456359863281, "time": 2.235476350784302, "iter": 140, "memory": 18554, "step": 140}
{"lr": 0.009966803229875268, "data_time": 0.008035969734191895, "loss": 0.06313099376857281, "decode.loss_ce": 0.04254738632589579, "decode.acc_seg": 98.53014373779297, "aux.loss_ce": 0.020583607256412506, "aux.acc_seg": 98.4512939453125, "time": 2.234528422355652, "iter": 150, "memory": 18554, "step": 150}
