{"aAcc": 99.77, "mIoU": 84.14, "mAcc": 87.0, "data_time": 0.11476649284362793, "time": 11.23534028346722}