{"base_lr": 9.995099812136459e-05, "lr": 9.99509981213646e-06, "data_time": 0.010003471374511718, "grad_norm": 218.92301864624022, "loss": 33.02013034820557, "decode.loss_cls": 0.6681994080543519, "decode.loss_mask": 0.8935140341520309, "decode.loss_dice": 1.9283996939659118, "decode.d0.loss_cls": 2.453431272506714, "decode.d0.loss_mask": 0.6563138037919998, "decode.d0.loss_dice": 1.9397374153137208, "decode.d1.loss_cls": 0.38982007205486296, "decode.d1.loss_mask": 0.6619030743837356, "decode.d1.loss_dice": 1.907217812538147, "decode.d2.loss_cls": 0.2487603560090065, "decode.d2.loss_mask": 0.7259453922510147, "decode.d2.loss_dice": 1.8847156167030334, "decode.d3.loss_cls": 0.26737931072711946, "decode.d3.loss_mask": 0.7541471958160401, "decode.d3.loss_dice": 1.887160336971283, "decode.d4.loss_cls": 0.2866260752081871, "decode.d4.loss_mask": 0.7931529670953751, "decode.d4.loss_dice": 1.8890246152877808, "decode.d5.loss_cls": 0.3330845311284065, "decode.d5.loss_mask": 0.8197245866060257, "decode.d5.loss_dice": 1.8942685723304749, "decode.d6.loss_cls": 0.40979174375534055, "decode.d6.loss_mask": 0.8273189336061477, "decode.d6.loss_dice": 1.9037113785743713, "decode.d7.loss_cls": 0.48486081063747405, "decode.d7.loss_mask": 0.795646744966507, "decode.d7.loss_dice": 1.9385181546211243, "decode.d8.loss_cls": 0.6025317072868347, "decode.d8.loss_mask": 0.8383076876401901, "decode.d8.loss_dice": 1.9369178533554077, "time": 0.9943279266357422, "iter": 50, "memory": 18551, "step": 50}
{"base_lr": 9.990099345266928e-05, "lr": 9.99009934526693e-06, "data_time": 0.009898114204406738, "grad_norm": 180.0434425354004, "loss": 21.05335054397583, "decode.loss_cls": 0.05842037871479988, "decode.loss_mask": 0.5956860452890396, "decode.loss_dice": 1.295103085041046, "decode.d0.loss_cls": 2.2994879722595214, "decode.d0.loss_mask": 0.4962643772363663, "decode.d0.loss_dice": 1.2992210507392883, "decode.d1.loss_cls": 0.11068994104862213, "decode.d1.loss_mask": 0.5059820294380188, "decode.d1.loss_dice": 1.2610894858837127, "decode.d2.loss_cls": 0.047118942625820635, "decode.d2.loss_mask": 0.5516519337892533, "decode.d2.loss_dice": 1.2715359270572661, "decode.d3.loss_cls": 0.03432698231190443, "decode.d3.loss_mask": 0.5610045701265335, "decode.d3.loss_dice": 1.2670864820480348, "decode.d4.loss_cls": 0.04208005266264081, "decode.d4.loss_mask": 0.5434640049934387, "decode.d4.loss_dice": 1.2626089990139007, "decode.d5.loss_cls": 0.04398224707692862, "decode.d5.loss_mask": 0.5514252305030822, "decode.d5.loss_dice": 1.2586280822753906, "decode.d6.loss_cls": 0.03947187196463346, "decode.d6.loss_mask": 0.5396199643611908, "decode.d6.loss_dice": 1.2708352267742158, "decode.d7.loss_cls": 0.04120360836386681, "decode.d7.loss_mask": 0.5635177880525589, "decode.d7.loss_dice": 1.3094436943531036, "decode.d8.loss_cls": 0.04772896971553564, "decode.d8.loss_mask": 0.6082062602043152, "decode.d8.loss_dice": 1.2764654099941253, "time": 1.0017006158828736, "iter": 100, "memory": 18551, "step": 100}
{"base_lr": 9.985098600276919e-05, "lr": 9.98509860027692e-06, "data_time": 0.010573148727416992, "grad_norm": 213.38408164978028, "loss": 15.446449804306031, "decode.loss_cls": 0.12408203212544322, "decode.loss_mask": 0.41634020358324053, "decode.loss_dice": 0.8986370265483856, "decode.d0.loss_cls": 2.117928647994995, "decode.d0.loss_mask": 0.3868030205368996, "decode.d0.loss_dice": 0.9192140698432922, "decode.d1.loss_cls": 0.06456761285662652, "decode.d1.loss_mask": 0.39677242934703827, "decode.d1.loss_dice": 0.8475838810205459, "decode.d2.loss_cls": 0.10095378383994102, "decode.d2.loss_mask": 0.3786819577217102, "decode.d2.loss_dice": 0.8334522187709809, "decode.d3.loss_cls": 0.05393215492367744, "decode.d3.loss_mask": 0.3936197400093079, "decode.d3.loss_dice": 0.84365254342556, "decode.d4.loss_cls": 0.06973101338371634, "decode.d4.loss_mask": 0.3927684411406517, "decode.d4.loss_dice": 0.8392742902040482, "decode.d5.loss_cls": 0.07584413727745414, "decode.d5.loss_mask": 0.38639022707939147, "decode.d5.loss_dice": 0.8453795671463012, "decode.d6.loss_cls": 0.1203083984553814, "decode.d6.loss_mask": 0.3917998895049095, "decode.d6.loss_dice": 0.8402806505560875, "decode.d7.loss_cls": 0.08768780399113893, "decode.d7.loss_mask": 0.39905675649642947, "decode.d7.loss_dice": 0.8670657604932785, "decode.d8.loss_cls": 0.1087286926805973, "decode.d8.loss_mask": 0.39917347133159636, "decode.d8.loss_dice": 0.8467394977807998, "time": 1.0054693937301635, "iter": 150, "memory": 18551, "step": 150}
{"base_lr": 9.980097576996179e-05, "lr": 9.980097576996177e-06, "data_time": 0.0106611967086792, "grad_norm": 112.37135772705078, "loss": 9.345153760910033, "decode.loss_cls": 0.027419709833338857, "decode.loss_mask": 0.20210385099053382, "decode.loss_dice": 0.5089902848005294, "decode.d0.loss_cls": 1.9104558944702148, "decode.d0.loss_mask": 0.19638704881072044, "decode.d0.loss_dice": 0.5537902683019638, "decode.d1.loss_cls": 0.03445232268422842, "decode.d1.loss_mask": 0.19739969000220298, "decode.d1.loss_dice": 0.5035466879606247, "decode.d2.loss_cls": 0.020980159286409616, "decode.d2.loss_mask": 0.20350183621048928, "decode.d2.loss_dice": 0.5193066090345383, "decode.d3.loss_cls": 0.016581588052213193, "decode.d3.loss_mask": 0.20247680470347404, "decode.d3.loss_dice": 0.5021923393011093, "decode.d4.loss_cls": 0.019125737762078644, "decode.d4.loss_mask": 0.21410656869411468, "decode.d4.loss_dice": 0.5008248805999755, "decode.d5.loss_cls": 0.025994959054514766, "decode.d5.loss_mask": 0.21566760167479515, "decode.d5.loss_dice": 0.4993008032441139, "decode.d6.loss_cls": 0.02793415985070169, "decode.d6.loss_mask": 0.21002316921949388, "decode.d6.loss_dice": 0.5133920252323151, "decode.d7.loss_cls": 0.05967060262337327, "decode.d7.loss_mask": 0.19930683076381683, "decode.d7.loss_dice": 0.5211388230323791, "decode.d8.loss_cls": 0.02843061606399715, "decode.d8.loss_mask": 0.20391114205121993, "decode.d8.loss_dice": 0.5067403644323349, "time": 1.0070093870162964, "iter": 200, "memory": 18551, "step": 200}
{"base_lr": 9.975096275254263e-05, "lr": 9.975096275254262e-06, "data_time": 0.010327029228210449, "grad_norm": 94.8867784500122, "loss": 6.349997329711914, "decode.loss_cls": 0.014794236538000405, "decode.loss_mask": 0.1595274068415165, "decode.loss_dice": 0.29406215697526933, "decode.d0.loss_cls": 1.6889097690582275, "decode.d0.loss_mask": 0.15547128915786743, "decode.d0.loss_dice": 0.3123914137482643, "decode.d1.loss_cls": 0.01764634605497122, "decode.d1.loss_mask": 0.15894956588745118, "decode.d1.loss_dice": 0.2961217686533928, "decode.d2.loss_cls": 0.010046621179208159, "decode.d2.loss_mask": 0.16080686524510385, "decode.d2.loss_dice": 0.2873673692345619, "decode.d3.loss_cls": 0.00896714311093092, "decode.d3.loss_mask": 0.15934391915798188, "decode.d3.loss_dice": 0.2958459421992302, "decode.d4.loss_cls": 0.006875029834918678, "decode.d4.loss_mask": 0.1620558314025402, "decode.d4.loss_dice": 0.29293702989816667, "decode.d5.loss_cls": 0.007642646902240813, "decode.d5.loss_mask": 0.16170616671442986, "decode.d5.loss_dice": 0.2999239727854729, "decode.d6.loss_cls": 0.009528123727068304, "decode.d6.loss_mask": 0.16297137290239333, "decode.d6.loss_dice": 0.29232008159160616, "decode.d7.loss_cls": 0.008672232017852366, "decode.d7.loss_mask": 0.1608715407550335, "decode.d7.loss_dice": 0.29632806181907656, "decode.d8.loss_cls": 0.013486126787029207, "decode.d8.loss_mask": 0.15760589390993118, "decode.d8.loss_dice": 0.2968213245272636, "time": 1.0093335866928101, "iter": 250, "memory": 18551, "step": 250}
