{"lr": 0.009994542389608127, "data_time": 0.00929586887359619, "loss": 0.11855489388108253, "decode.loss_ce": 0.08613159283995628, "decode.acc_seg": 96.32180786132812, "aux.loss_ce": 0.03242330066859722, "aux.acc_seg": 96.32180786132812, "time": 1.4348523616790771, "iter": 50, "memory": 25029, "step": 50}
{"lr": 0.009988973054603395, "data_time": 0.009291887283325195, "loss": 0.089996949583292, "decode.loss_ce": 0.06485851258039474, "decode.acc_seg": 97.32135009765625, "aux.loss_ce": 0.02513843830674887, "aux.acc_seg": 98.0291519165039, "time": 1.4361103534698487, "iter": 100, "memory": 17187, "step": 100}
{"lr": 0.00998340337106865, "data_time": 0.009160113334655762, "loss": 0.06428194344043732, "decode.loss_ce": 0.04493771083652973, "decode.acc_seg": 98.463134765625, "aux.loss_ce": 0.019344233069568874, "aux.acc_seg": 98.4904556274414, "time": 1.4355379581451415, "iter": 150, "memory": 17187, "step": 150}
{"lr": 0.009977833338763812, "data_time": 0.009297442436218262, "loss": 0.04668149426579475, "decode.loss_ce": 0.03131204163655639, "decode.acc_seg": 99.31505584716797, "aux.loss_ce": 0.015369453141465783, "aux.acc_seg": 99.46207427978516, "time": 1.434489107131958, "iter": 200, "memory": 17187, "step": 200}
{"lr": 0.009972262957448508, "data_time": 0.008063578605651855, "loss": 0.03332304004579782, "decode.loss_ce": 0.022229890804737806, "decode.acc_seg": 98.83492279052734, "aux.loss_ce": 0.011093149380758404, "aux.acc_seg": 98.92033386230469, "time": 1.4331623554229735, "iter": 250, "memory": 17187, "step": 250}
{"lr": 0.009966692226882018, "data_time": 0.008508801460266113, "loss": 0.0369348082691431, "decode.loss_ce": 0.025072424206882715, "decode.acc_seg": 98.74361419677734, "aux.loss_ce": 0.011862384155392647, "aux.acc_seg": 98.6644515991211, "time": 1.4336486101150512, "iter": 300, "memory": 17187, "step": 300}
{"lr": 0.009961121146823335, "data_time": 0.008336973190307618, "loss": 0.02693968331441283, "decode.loss_ce": 0.01817842936143279, "decode.acc_seg": 99.52220916748047, "aux.loss_ce": 0.008761254278942943, "aux.acc_seg": 99.49835968017578, "time": 1.433126974105835, "iter": 350, "memory": 17187, "step": 350}
{"lr": 0.009955549717031104, "data_time": 0.00953516960144043, "loss": 0.02497519487515092, "decode.loss_ce": 0.016745662689208983, "decode.acc_seg": 99.32188415527344, "aux.loss_ce": 0.008229532232508063, "aux.acc_seg": 99.30786895751953, "time": 1.4389463663101196, "iter": 400, "memory": 17187, "step": 400}
{"lr": 0.009949977937263675, "data_time": 0.00944817066192627, "loss": 0.028148577176034452, "decode.loss_ce": 0.01920208251103759, "decode.acc_seg": 99.09917449951172, "aux.loss_ce": 0.008946494804695249, "aux.acc_seg": 99.0980224609375, "time": 1.435297417640686, "iter": 450, "memory": 17187, "step": 450}
{"lr": 0.009944405807279068, "data_time": 0.009959959983825683, "loss": 0.021339974272996186, "decode.loss_ce": 0.014331560302525758, "decode.acc_seg": 99.36680603027344, "aux.loss_ce": 0.007008414296433329, "aux.acc_seg": 99.37285614013672, "time": 1.4345434665679933, "iter": 500, "memory": 17187, "step": 500}
{"lr": 0.009938833326834986, "data_time": 0.010046005249023438, "loss": 0.02495522201061249, "decode.loss_ce": 0.016877562925219535, "decode.acc_seg": 99.4904556274414, "aux.loss_ce": 0.008077659318223596, "aux.acc_seg": 99.42317962646484, "time": 1.4358869075775147, "iter": 550, "memory": 17187, "step": 550}
{"lr": 0.009933260495688814, "data_time": 0.009736728668212891, "loss": 0.0291643722448498, "decode.loss_ce": 0.019979624822735787, "decode.acc_seg": 98.57858276367188, "aux.loss_ce": 0.009184747515246273, "aux.acc_seg": 98.4940185546875, "time": 1.4345157146453857, "iter": 600, "memory": 17187, "step": 600}
{"lr": 0.009927687313597623, "data_time": 0.010078501701354981, "loss": 0.025454832706600428, "decode.loss_ce": 0.01698559601791203, "decode.acc_seg": 98.93484497070312, "aux.loss_ce": 0.00846923638600856, "aux.acc_seg": 98.68438720703125, "time": 1.436277723312378, "iter": 650, "memory": 17187, "step": 650}
{"lr": 0.00992211378031814, "data_time": 0.010203790664672852, "loss": 0.017769014555960895, "decode.loss_ce": 0.011872099246829748, "decode.acc_seg": 99.32501220703125, "aux.loss_ce": 0.005896915053017438, "aux.acc_seg": 99.19977569580078, "time": 1.4361233234405517, "iter": 700, "memory": 17187, "step": 700}
{"lr": 0.009916539895606803, "data_time": 0.010006093978881836, "loss": 0.020740967988967896, "decode.loss_ce": 0.01340642273426056, "decode.acc_seg": 99.34230041503906, "aux.loss_ce": 0.00733454511500895, "aux.acc_seg": 98.5624771118164, "time": 1.4353758573532105, "iter": 750, "memory": 17187, "step": 750}
{"lr": 0.009910965659219699, "data_time": 0.010698580741882324, "loss": 0.01779555706307292, "decode.loss_ce": 0.011262955889105798, "decode.acc_seg": 99.5255126953125, "aux.loss_ce": 0.006532601080834866, "aux.acc_seg": 99.5316162109375, "time": 1.4393009901046754, "iter": 800, "memory": 17187, "step": 800}
{"lr": 0.009905391070912595, "data_time": 0.009650015830993652, "loss": 0.018699483014643192, "decode.loss_ce": 0.011683665262535215, "decode.acc_seg": 99.76104736328125, "aux.loss_ce": 0.00701581765897572, "aux.acc_seg": 99.34908294677734, "time": 1.4349472045898437, "iter": 850, "memory": 17187, "step": 850}
{"lr": 0.009899816130440945, "data_time": 0.010061955451965332, "loss": 0.014415086060762406, "decode.loss_ce": 0.00868716361001134, "decode.acc_seg": 99.47651672363281, "aux.loss_ce": 0.005727922427468002, "aux.acc_seg": 98.70440673828125, "time": 1.4376208543777467, "iter": 900, "memory": 17187, "step": 900}
{"lr": 0.00989424083755987, "data_time": 0.01039276123046875, "loss": 0.0163725390098989, "decode.loss_ce": 0.009926405129954219, "decode.acc_seg": 99.48534393310547, "aux.loss_ce": 0.006446133903227747, "aux.acc_seg": 98.83504486083984, "time": 1.4362627506256103, "iter": 950, "memory": 17187, "step": 950}
{"lr": 0.009888665192024167, "data_time": 0.010150289535522461, "loss": 0.013520014472305775, "decode.loss_ce": 0.008683276269584895, "decode.acc_seg": 99.77239990234375, "aux.loss_ce": 0.004836738226003945, "aux.acc_seg": 99.7596664428711, "time": 1.4358767509460448, "iter": 1000, "memory": 17187, "step": 1000}
{"lr": 0.009883089193588315, "data_time": 0.009969115257263184, "loss": 0.01285849865525961, "decode.loss_ce": 0.008169897831976414, "decode.acc_seg": 99.74517822265625, "aux.loss_ce": 0.00468860084656626, "aux.acc_seg": 99.64344787597656, "time": 1.435691809654236, "iter": 1050, "memory": 17187, "step": 1050}
{"lr": 0.009877512842006468, "data_time": 0.009683704376220703, "loss": 0.013269566046074033, "decode.loss_ce": 0.008595538651570677, "decode.acc_seg": 99.73129272460938, "aux.loss_ce": 0.004674027394503355, "aux.acc_seg": 99.52621459960938, "time": 1.4343744754791259, "iter": 1100, "memory": 17187, "step": 1100}
{"lr": 0.00987193613703243, "data_time": 0.0121978759765625, "loss": 0.013992811273783445, "decode.loss_ce": 0.008730443473905326, "decode.acc_seg": 99.75752258300781, "aux.loss_ce": 0.005262367520481348, "aux.acc_seg": 99.82296752929688, "time": 1.4400683403015138, "iter": 1150, "memory": 17187, "step": 1150}
