{"base_lr": 9.995099812136459e-05, "lr": 9.99509981213646e-06, "data_time": 0.016516280174255372, "grad_norm": 231.56992263793944, "loss": 42.31675510406494, "decode.loss_cls": 1.022343671321869, "decode.loss_mask": 1.9387435793876648, "decode.loss_dice": 2.4480557084083556, "decode.d0.loss_cls": 2.7589967250823975, "decode.d0.loss_mask": 1.1930063739418983, "decode.d0.loss_dice": 2.1924845695495607, "decode.d1.loss_cls": 0.37899504601955414, "decode.d1.loss_mask": 1.2168360985815525, "decode.d1.loss_dice": 2.1816040158271788, "decode.d2.loss_cls": 0.2539316192269325, "decode.d2.loss_mask": 1.2732965007424355, "decode.d2.loss_dice": 2.1817046761512757, "decode.d3.loss_cls": 0.2825130641460419, "decode.d3.loss_mask": 1.2063461311161519, "decode.d3.loss_dice": 2.0905911684036256, "decode.d4.loss_cls": 0.26713292896747587, "decode.d4.loss_mask": 1.1919032759964465, "decode.d4.loss_dice": 2.1677773118019106, "decode.d5.loss_cls": 0.32469032108783724, "decode.d5.loss_mask": 1.1911046385765076, "decode.d5.loss_dice": 2.116510498523712, "decode.d6.loss_cls": 0.4500552073121071, "decode.d6.loss_mask": 1.2322950556874275, "decode.d6.loss_dice": 2.168076491355896, "decode.d7.loss_cls": 0.6301339447498322, "decode.d7.loss_mask": 1.2493801608681678, "decode.d7.loss_dice": 2.189034676551819, "decode.d8.loss_cls": 0.8377852469682694, "decode.d8.loss_mask": 1.3543143928050996, "decode.d8.loss_dice": 2.3271135687828064, "time": 1.2396602630615234, "iter": 50, "memory": 26176, "step": 50}
