{"aAcc": 99.8, "mIoU": 84.38, "mAcc": 87.05, "data_time": 0.11280017265906701, "time": 10.959371752372155}