{"lr": 0.009988974048749563, "data_time": 1.269650650024414, "loss": 1.1391219913959503, "decode.loss_context": 0.57240289747715, "decode.loss_spatial": 0.566719089448452, "decode.acc_seg": 94.18616485595703, "time": 1.7911109685897828, "iter": 50, "memory": 21553, "step": 50}
